Position, Company, Location, URL
Technical Support Engineer, Didomi, üá´üá∑ France, https://remoteok.com/remote-jobs/remote-technical-support-engineer-didomi-179310
Software Engineer Java, Orderly, Worldwide, https://remoteok.com/remote-jobs/remote-software-engineer-java-orderly-179279
Senior Full Stack Developer, pawaPay, üá™üá∫ Europe, /remote-jobs/remote-senior-full-stack-developer-pawapay-178359
Senior QA Engineer Long Term, Proxify, üåè Worldwide, /remote-jobs/remote-senior-qa-engineer-long-term-proxify-116378
Java Engineer, Braintrust, Global, /remote-jobs/remote-java-engineer-braintrust-176277
Backend Developer, Latoken, Remote Worldwide, /remote-jobs/remote-backend-developer-latoken-173316
Senior Back End Java Engineer, Braintrust, Global, /remote-jobs/remote-senior-back-end-java-engineer-braintrust-172810
Backend Engineer TradFi, BitcoinCom, Worldwide, /remote-jobs/remote-backend-engineer-tradfi-bitcoincom-172321
Backend Engineer, aXedras, Worldwide, /remote-jobs/remote-backend-engineer-axedras-170338
Java Engineer, Braintrust, Global, /remote-jobs/remote-java-engineer-braintrust-168860
Payscale Software Architect Java and React Direct Hire, Braintrust, Global, /remote-jobs/remote-payscale-software-architect-java-and-react-direct-hire-braintrust-168855
Mobile Developer, CompanyCam, üá®üá¶ Canada, /remote-jobs/remote-mobile-developer-companycam-110438
QA SDET India, Bitcoin Depot, Worldwide, /remote-jobs/remote-qa-sdet-india-bitcoin-depot-167881
Go Developer, lemon.io, üá™üá∫ Europe, /remote-jobs/remote-go-developer-lemon-io-166459
Tech Lead Java Engineer, Braintrust, Global, /remote-jobs/remote-tech-lead-java-engineer-braintrust-165408
Java Kotlin developer, ChromaWay, Worldwide, /remote-jobs/remote-java-kotlin-developer-chromaway-164403
Payscale Software Architect Java and React Direct Hire, Braintrust, Global, /remote-jobs/remote-payscale-software-architect-java-and-react-direct-hire-braintrust-163896
Backend Engineer, aXedras, Worldwide, /remote-jobs/remote-backend-engineer-axedras-163392
Staff Software Engineer, Recur, Worldwide, /remote-jobs/remote-staff-software-engineer-recur-161900
DevOps Engineer, Braintrust, Global, /remote-jobs/remote-devops-engineer-braintrust-161898
Java Developer (Full-Stack), Simvoly, Anywhere in the World, https://weworkremotely.com/remote-jobs/simvoly-java-developer-full-stack-5
Backend Javascript / Node.js Developer - Remote/SaaS (m/f/d), SocialHub, Anywhere in the World, https://weworkremotely.com/remote-jobs/socialhub-backend-javascript-node-js-developer-remote-saas-m-f-d-2
Senior Javascript Engineer - Fullstack, Clevertech, Anywhere in the World, https://weworkremotely.com/remote-jobs/clevertech-senior-javascript-engineer-fullstack
Experienced Java / TypeScript Fullstack Developer for Healthcare Solutions, nubedian GmbH, Europe Only, https://weworkremotely.com/remote-jobs/nubedian-gmbh-experienced-java-typescript-fullstack-developer-for-healthcare-solutions
Remote Frontend Developer (JavaScript + React), Toggl, Europe Only, https://weworkremotely.com/remote-jobs/toggl-remote-frontend-developer-javascript-react-1
FTP and SFTP Server Developer (Java), Files.com, USA Only, https://weworkremotely.com/remote-jobs/files-com-ftp-and-sftp-server-developer-java
Senior JavaScript Developer, Kinsta, Europe Only/Africa Only, https://weworkremotely.com/remote-jobs/kinsta-senior-javascript-developer
Senior Java Developer, Magnolia International Ltd., Europe Only, https://weworkremotely.com/remote-jobs/magnolia-international-ltd-senior-java-developer
