Position, company, Location, URL
라인프렌즈 2022년 각 부문 수시의 전체 세부 정보, 라인프렌즈, 서울 용산구, https://kr.indeed.com/rc/clk?jk=1015284880e2ff62&fccid=b6f22bcb6078a2c4&vjs=3
[ICT] Data Scientist - 자연어처리[매니저]의 전체 세부 정보, 현대자동차그룹, 대한민국, https://kr.indeed.com/rc/clk?jk=cf99a4662ad1c936&fccid=980d6ecc399a3373&vjs=3
클라우드 솔루션 아키텍트[연구원  책임연구원]의 전체 세부 정보, 현대자동차그룹, 대한민국, https://kr.indeed.com/rc/clk?jk=5859b13c42854f95&fccid=980d6ecc399a3373&vjs=3
백엔드 개발자(Python)의 전체 세부 정보, NHN DATA, 성남 판교역, https://kr.indeed.com/rc/clk?jk=e764b919165b8d3e&fccid=a72ebaf825acf7af&vjs=3
22년 AI 특화 맞춤형 교육과정 교육생의 전체 세부 정보, 인공지능산업융합사업단, 광주광역시, https://kr.indeed.com/rc/clk?jk=5850cd84f2de9711&fccid=82d89a408e9c3565&vjs=3
한국필립모리스 2022년 상반기 수시의 전체 세부 정보, 한국필립모리스㈜, 서울 영등포구, https://kr.indeed.com/rc/clk?jk=44e9ac7f0f94e784&fccid=fb7e65f74b012d18&vjs=3
HR데이터 분석 (People Analytics)[매니저  책임매니저]의 전체 세부 정보, 현대자동차그룹, 대한민국, https://kr.indeed.com/rc/clk?jk=40c2e6d8ddd57c0f&fccid=980d6ecc399a3373&vjs=3
[ICT] Data Scientist - 제조부문 데이터 분석 모델 개발[매니저]의 전체 세부 정보, 현대자동차그룹, 대한민국, https://kr.indeed.com/rc/clk?jk=88a399e602bbdb58&fccid=980d6ecc399a3373&vjs=3
Data Engineering의 전체 세부 정보, 기아, 서울 서초구, https://kr.indeed.com/rc/clk?jk=3dd64cf3cd49bd12&fccid=4407ef3f1668028b&vjs=3
[데브시스터즈] Data Analyst (Junior)의 전체 세부 정보, 데브시스터즈, 서울 강남구, https://kr.indeed.com/rc/clk?jk=9a5aa103c01ffb73&fccid=58a9a803698a0afd&vjs=3
Associate Consultant Intern의 전체 세부 정보, Mastercard, 서울, https://kr.indeed.com/rc/clk?jk=acf53a07a0c4d06f&fccid=10b5c722d846df43&vjs=3
KB저축은행 경력직의 전체 세부 정보, KB저축은행, 서울 송파구, https://kr.indeed.com/rc/clk?jk=e531b39ecff23e22&fccid=a638644439b34cff&vjs=3
[신입]백엔드 개발자의 전체 세부 정보, 엘리스, 서울 강남구, https://kr.indeed.com/rc/clk?jk=6b5d1196de52155f&fccid=b00d4b329a5fe2ac&vjs=3
[K디지털 트레이닝] 전액 국비지원 IT취업연계 교육 빅데이터  인공지능의 전체 세부 정보, 중앙정보처리학원, 서울 마포구, https://kr.indeed.com/rc/clk?jk=8eb2784e62502c5f&fccid=2f25bb139639ef63&vjs=3
모의해킹[책임매니저]의 전체 세부 정보, 현대자동차그룹, 대한민국, https://kr.indeed.com/rc/clk?jk=cc21c46cb3fcd61a&fccid=980d6ecc399a3373&vjs=3
[위메프서비스] 빅데이터 처리 및 분석 개발자의 전체 세부 정보, 위메프, 대한민국, https://kr.indeed.com/rc/clk?jk=4e3b4e13098d5aa1&fccid=2f8799a5ef214646&vjs=3
Network Engineer의 전체 세부 정보, LINE Plus corporation, 대한민국, https://kr.indeed.com/rc/clk?jk=51e77f1bceb95b7c&fccid=e90e80bc9ed9a53f&vjs=3
Junior Data Scientist의 전체 세부 정보, Logistics Management Institute, 서울, https://kr.indeed.com/rc/clk?jk=ffcab40699b79c6b&fccid=12626f295bf6a003&vjs=3
상시 인재 (IT 지원)의 전체 세부 정보, 환인제약, 서울 송파구, https://kr.indeed.com/rc/clk?jk=22cc8ed09bf47f1f&fccid=fb43834fbb50ff52&vjs=3
2023 Student Training in Engineering Program (STEP)  People with Disabilities (장애인 채용)의 전체 세부 정보, Google, 서울, https://kr.indeed.com/rc/clk?jk=5d24a062cabc9f0d&fccid=a5b4499d9e91a5c6&vjs=3
웹개발  Python 외 신입/경력의 전체 세부 정보, 인생식당, 천안 서북구, https://kr.indeed.com/rc/clk?jk=77f8a0ab6137163f&fccid=a9f3a2bebd34c3c4&vjs=3
Customer Engineer  Data Analytics  Digital Natives  Google Cloud의 전체 세부 정보, Google, 서울, https://kr.indeed.com/rc/clk?jk=4800ed0bd1febca9&fccid=a5b4499d9e91a5c6&vjs=3
Machine Learning Engineer Intern - Korea의 전체 세부 정보, MOLOCO, 서울, https://kr.indeed.com/rc/clk?jk=69d3cc2cca262747&fccid=27317bcae2b26fe5&vjs=3
Technical Sales Representative – Korea의 전체 세부 정보, LUCID Vision Labs, 대한민국, https://kr.indeed.com/rc/clk?jk=e54dfb952fa97fc6&fccid=7981d861c3c6e79b&vjs=3
Python 모니터링 에이전트 개발자의 전체 세부 정보, 와탭랩스, 서울 서초구, https://kr.indeed.com/rc/clk?jk=f912e9946fc3f308&fccid=63a63ea10794e483&vjs=3
[ICT] Infra Engineering[매니저  책임매니저]의 전체 세부 정보, 현대자동차그룹, 대한민국, https://kr.indeed.com/rc/clk?jk=59eb821f231620cb&fccid=980d6ecc399a3373&vjs=3
[신입] 서버 엔지니어 (Python)의 전체 세부 정보, 페이히어, 서울 강남구, https://kr.indeed.com/rc/clk?jk=fb69276e57f3c312&fccid=254f50a1adb01cad&vjs=3
[선릉역] 데이터분석/연구자의 전체 세부 정보, 시니어앤파트너즈, 서울 강남구, https://kr.indeed.com/rc/clk?jk=1d9dae71a975d084&fccid=59060ddcdf96b101&vjs=3
[HYBE] 데이터분석의 전체 세부 정보, 하이브, 서울 용산구, https://kr.indeed.com/rc/clk?jk=d67a27d5fe57ede4&fccid=55c46c15186153ee&vjs=3
[위메프서비스] 서비스 백엔드 주니어 개발자의 전체 세부 정보, 위메프, 대한민국, https://kr.indeed.com/rc/clk?jk=4bbe98923e49db2e&fccid=2f8799a5ef214646&vjs=3
딥러닝 통한 인공지능 솔루션 개발자의 전체 세부 정보, 엘세븐시큐리티, 서울 송파구, https://kr.indeed.com/rc/clk?jk=554e814302b8a380&fccid=72880ee98034ba13&vjs=3
Software Engineer  People with Disabilities (장애인 채용)의 전체 세부 정보, Google, 서울, https://kr.indeed.com/rc/clk?jk=ac64fda2e281b835&fccid=a5b4499d9e91a5c6&vjs=3
통계·SAS 신입의 전체 세부 정보, 에넬엑스코리아 유한회사, 서울 중구, https://kr.indeed.com/rc/clk?jk=480348bb5469fc98&fccid=894b956e02cfcab7&vjs=3
데이터 엔지니어 전문가의 전체 세부 정보, 에스케이텔레콤, 서울 중구, https://kr.indeed.com/rc/clk?jk=47703903b6e5f4c7&fccid=ce2f0f28b40a5be8&vjs=3
딥러닝 통한 인공지능 솔루션 신입/경력 개발자의 전체 세부 정보, 엘세븐시큐리티, 서울 송파구, https://kr.indeed.com/rc/clk?jk=972c302b4b4cb1df&fccid=72880ee98034ba13&vjs=3
[신입] 미래 인재 DB의 전체 세부 정보, 현대오토에버, 서울, https://kr.indeed.com/rc/clk?jk=8488f46665d1b77a&fccid=d5a22a3e93377742&vjs=3
[외국계 스타트업 미소] Business Analyst Intern (정규직 전환형)의 전체 세부 정보, 유한회사 미소, 서울, https://kr.indeed.com/rc/clk?jk=4c25d6649f8434a8&fccid=02936474a8d39137&vjs=3
[포티투마루] 인공지능(AI) 개발자 전 부문의 전체 세부 정보, 포티투마루, 서울 서초구, https://kr.indeed.com/rc/clk?jk=22ffe020e40de675&fccid=b6cebf2e7d619f07&vjs=3
Python Programmer의 전체 세부 정보, Mofac, 서울 서초구, https://kr.indeed.com/rc/clk?jk=df21e3bb5d773616&fccid=6cddb172d498d15c&vjs=3
[양재역] AI/빅데이터 데이터분석(석 박사)의 전체 세부 정보, 시니어앤파트너즈, 서울 서초구, https://kr.indeed.com/rc/clk?jk=ce71e040d5a36470&fccid=59060ddcdf96b101&vjs=3
[전문연구요원] 의료영상 리서치 엔지니어 정규직의 전체 세부 정보, 메디픽셀, 서울 마포구, https://kr.indeed.com/rc/clk?jk=3544467a7b64376f&fccid=aba88c202493b8a5&vjs=3
[외국계상장사]데이터분석가(Data Analyst)의 전체 세부 정보, 인코리아 프로페셔널, 서울 강남구, https://kr.indeed.com/rc/clk?jk=7ad982fec3792221&fccid=842365965c1f45a0&vjs=3
Business Data Analyst의 전체 세부 정보, BD, 서울, https://kr.indeed.com/rc/clk?jk=973aaf4694768abc&fccid=f33adcecbae03a00&vjs=3
[ICT] Data Engineering[매니저  책임매니저]의 전체 세부 정보, 현대자동차그룹, 대한민국, https://kr.indeed.com/rc/clk?jk=a7697f2f7d1c0c39&fccid=980d6ecc399a3373&vjs=3
Analog Design Engineer의 전체 세부 정보, Cirrus Logic, 서울, https://kr.indeed.com/rc/clk?jk=d193999bb6d038d4&fccid=9fa86166624bd016&vjs=3
